0.000000000000000000e+00,4.430022651912434717e-01
4.133949788747259824e-02,5.471321963623614337e-01
8.267899577494519647e-02,6.904710218697064361e-01
1.240184936624177947e-01,6.368669963972012349e-01
1.653579915498903929e-01,5.260053919131864042e-01
2.066974894373629912e-01,4.388273848757436313e-01
2.480369873248355894e-01,2.235151355137730000e-01
2.893764852123081877e-01,7.075431054454732471e-02
3.307159830997807859e-01,-7.550716812921529075e-02
3.720554809872533841e-01,-2.708415589316429672e-01
4.133949788747259824e-01,-4.786261085086941369e-01
4.547344767621985806e-01,-5.303787988789216978e-01
4.960739746496711788e-01,-5.612326926164344920e-01
5.374134725371437771e-01,-5.659751505133261418e-01
5.787529704246163753e-01,-5.662472831960981834e-01
6.200924683120889735e-01,-4.065347815336084469e-01
6.614319661995615718e-01,-2.812900368230825121e-01
7.027714640870341700e-01,-7.217732852066027771e-02
7.441109619745067683e-01,1.134808831701219212e-01
7.854504598619793665e-01,2.083055996395675458e-01
8.267899577494519647e-01,4.271708647665278802e-01
8.681294556369245630e-01,5.470705719040367399e-01
9.094689535243971612e-01,5.179711501452169964e-01
9.508084514118697594e-01,5.302461490296410673e-01
9.921479492993423577e-01,4.247469805350475025e-01
1.033487447186814956e+00,3.116927289280492230e-01
1.074826945074287554e+00,2.564709480302160838e-01
1.116166442961760152e+00,9.047392238130635977e-02
1.157505940849232751e+00,-8.328402667807578708e-02
1.198845438736705349e+00,-2.483961119416773500e-01
1.240184936624177947e+00,-4.309177129161988473e-01
1.281524434511650545e+00,-5.072492094030727205e-01
1.322863932399123144e+00,-5.561887446499236276e-01
1.364203430286595742e+00,-4.978534384212444097e-01
1.405542928174068340e+00,-4.804239559449493546e-01
1.446882426061540938e+00,-3.274882909463360248e-01
1.488221923949013537e+00,-2.433551242609977849e-01
1.529561421836486135e+00,-9.854049596775713016e-02
1.570900919723958733e+00,9.815967288621785247e-02
1.612240417611431331e+00,2.220915918058655181e-01
1.653579915498903929e+00,3.608172999535603775e-01
1.694919413386376528e+00,4.855044345220843049e-01
1.736258911273849126e+00,4.994024558658610724e-01
1.777598409161321724e+00,5.471097917989266035e-01
1.818937907048794322e+00,4.653373185037177895e-01
1.860277404936266921e+00,3.332396216969492064e-01
1.901616902823739519e+00,1.801432268439701889e-01
1.942956400711212117e+00,6.560214063733438294e-02
1.984295898598684715e+00,-8.402865808566456485e-02
2.025635396486157092e+00,-2.185657061003738189e-01
2.066974894373629912e+00,-3.115975354949288012e-01
2.108314392261102732e+00,-3.671742354565920574e-01
2.149653890148575108e+00,-4.448661845051356534e-01
2.190993388036047484e+00,-4.207344076080944406e-01
2.232332885923520305e+00,-3.813162995521256482e-01
2.273672383810993125e+00,-3.108937224647599917e-01
2.315011881698465501e+00,-2.158911401757737381e-01
2.356351379585937877e+00,-8.480228192778051233e-02
2.397690877473410698e+00,4.055469991842502314e-02
2.439030375360883518e+00,2.506615144960349650e-01
2.480369873248355894e+00,2.717085866884607070e-01
2.521709371135828270e+00,3.874862089725265579e-01
2.563048869023301091e+00,4.424031695601511327e-01
2.604388366910773911e+00,5.250718083279740656e-01
2.645727864798246287e+00,4.105516203407331144e-01
2.687067362685718663e+00,3.200139896527536831e-01
2.728406860573191484e+00,1.869719042288465749e-01
2.769746358460664304e+00,3.251571648893004929e-02
2.811085856348136680e+00,-7.363750173207216088e-02
2.852425354235609056e+00,-2.235494250933612315e-01
2.893764852123081877e+00,-3.418356132321302976e-01
2.935104350010554697e+00,-4.293315441375589181e-01
2.976443847898027073e+00,-4.117432982541820996e-01
3.017783345785499449e+00,-4.613648513177036614e-01
3.059122843672972270e+00,-3.693655169639479263e-01
3.100462341560445090e+00,-2.455639259958849463e-01
3.141801839447917466e+00,-1.948673041036768638e-01
3.183141337335389842e+00,-7.163478543735998794e-02
3.224480835222862662e+00,1.121872282711760122e-01
3.265820333110335483e+00,1.410754370293604287e-01
3.307159830997807859e+00,3.157501457220729946e-01
3.348499328885280235e+00,3.754242012201237655e-01
3.389838826772753055e+00,4.107639847605135675e-01
3.431178324660225876e+00,3.515047632944982570e-01
3.472517822547698252e+00,3.619247140026406462e-01
3.513857320435170628e+00,3.089607562744623448e-01
3.555196818322643448e+00,2.671059940868371618e-01
3.596536316210116269e+00,8.557741124607795569e-02
3.637875814097588645e+00,-5.588008329221967607e-02
3.679215311985061021e+00,-1.744886919938449521e-01
3.720554809872533841e+00,-3.231063017953937910e-01
3.761894307760006662e+00,-3.621206117494985000e-01
3.803233805647479038e+00,-3.970843336685284664e-01
3.844573303534951414e+00,-3.702499020388581030e-01
3.885912801422424234e+00,-3.539781535434874393e-01
3.927252299309897055e+00,-2.558534440331585724e-01
3.968591797197369431e+00,-1.184730693062069212e-01
4.009931295084841807e+00,-6.182208411879402260e-02
4.051270792972314183e+00,5.883860415386872600e-02
4.092610290859787447e+00,1.602839838729262223e-01
4.133949788747259824e+00,2.969589410967936605e-01
4.175289286634732200e+00,3.109963266582659314e-01
4.216628784522205464e+00,3.675241867708322618e-01
4.257968282409677840e+00,3.729129135042995036e-01
4.299307780297150217e+00,3.510730893674799957e-01
4.340647278184622593e+00,2.514530929141494120e-01
4.381986776072094969e+00,2.038827392806418781e-01
4.423326273959568233e+00,4.729259951916443133e-02
4.464665771847040610e+00,-3.826937526203359752e-02
4.506005269734512986e+00,-1.698713414817296097e-01
4.547344767621986250e+00,-2.294367899939067368e-01
4.588684265509458626e+00,-3.567721003663553714e-01
4.630023763396931002e+00,-3.917873531389435282e-01
4.671363261284403379e+00,-2.774407769541676894e-01
4.712702759171875755e+00,-2.936933937406161488e-01
4.754042257059349019e+00,-2.474759077698746035e-01
4.795381754946821395e+00,-1.774607400827554193e-01
4.836721252834293772e+00,-3.709584971062290099e-02
4.878060750721767036e+00,2.658458363997650772e-02
4.919400248609239412e+00,2.343085931329923766e-01
4.960739746496711788e+00,2.227079638976687814e-01
5.002079244384184165e+00,3.373861207247606520e-01
5.043418742271656541e+00,3.082494125328839596e-01
5.084758240159129805e+00,3.630342194563372371e-01
5.126097738046602181e+00,2.625467996969690354e-01
5.167437235934074558e+00,2.304843306049911555e-01
5.208776733821547822e+00,1.645991366654810939e-01
5.250116231709020198e+00,4.698332590196707681e-02
5.291455729596492574e+00,-1.243948447173044980e-01
5.332795227483964950e+00,-1.511552923471228549e-01
5.374134725371437327e+00,-2.299838625776781109e-01
5.415474223258910591e+00,-2.754121635477629337e-01
5.456813721146382967e+00,-3.346926264501636772e-01
5.498153219033855343e+00,-3.207645298653796218e-01
5.539492716921328608e+00,-2.795844417934258974e-01
5.580832214808800984e+00,-1.783850980736993719e-01
5.622171712696273360e+00,-9.244793396502003213e-02
5.663511210583745736e+00,-1.153051825113407189e-02
5.704850708471218113e+00,6.475130157265419906e-02
5.746190206358691377e+00,1.633012090429127594e-01
5.787529704246163753e+00,2.122607136667687411e-01
5.828869202133636129e+00,2.478570699323760507e-01
5.870208700021109394e+00,3.453962195592313322e-01
5.911548197908581770e+00,3.100107705704726602e-01
5.952887695796054146e+00,2.765374739214409017e-01
5.994227193683526522e+00,2.053555612873529390e-01
6.035566691570998898e+00,1.201342338864064413e-01
6.076906189458472163e+00,1.276734887939771391e-02
6.118245687345944539e+00,-3.598076816174355930e-02
6.159585185233416915e+00,-1.538959466945482302e-01
6.200924683120890180e+00,-1.397161969886732691e-01
6.242264181008362556e+00,-1.970113902147666296e-01
6.283603678895834932e+00,-2.795201343645420389e-01
6.324943176783307308e+00,-2.769877277204988442e-01
6.366282674670779684e+00,-2.662759945524388328e-01
6.407622172558252949e+00,-2.336308538157722547e-01
6.448961670445725325e+00,-1.777783748642934591e-01
6.490301168333197701e+00,-2.931041915118107188e-02
6.531640666220670965e+00,6.319261078168600387e-02
6.572980164108143342e+00,1.494757802046213502e-01
6.614319661995615718e+00,1.653339480531175187e-01
6.655659159883088094e+00,2.683914269701341282e-01
6.696998657770560470e+00,2.980597790447743756e-01
6.738338155658033735e+00,2.222396533829294751e-01
6.779677653545506111e+00,2.477756987417588930e-01
6.821017151432978487e+00,1.462517793503276542e-01
6.862356649320451751e+00,2.033546911408750379e-01
6.903696147207924128e+00,8.976197901615431962e-02
6.945035645095396504e+00,-5.306738687829130885e-02
6.986375142982868880e+00,-8.681121741275524273e-02
7.027714640870341256e+00,-1.671919490226204397e-01
7.069054138757814520e+00,-2.566900780813725635e-01
7.110393636645286897e+00,-2.618425969938701914e-01
7.151733134532759273e+00,-2.131702343214663675e-01
7.193072632420232537e+00,-3.053023710132377055e-01
7.234412130307704913e+00,-1.615232327056771167e-01
7.275751628195177290e+00,-1.406598991056718095e-01
7.317091126082649666e+00,-6.270286208576943132e-02
7.358430623970122042e+00,-1.950107627629496521e-02
7.399770121857595306e+00,1.393051680402169756e-01
7.441109619745067683e+00,1.573567857967929640e-01
7.482449117632540059e+00,2.500055029697547671e-01
7.523788615520013323e+00,2.524521362737818797e-01
7.565128113407485699e+00,2.683784304298187928e-01
7.606467611294958076e+00,2.478114143818999637e-01
7.647807109182430452e+00,1.883917406353942670e-01
7.689146607069902828e+00,1.511472603160202433e-01
7.730486104957376092e+00,4.001076149435495860e-02
7.771825602844848468e+00,1.689830589375131489e-02
7.813165100732320845e+00,-1.203168075148918492e-01
7.854504598619794109e+00,-1.466257934387422135e-01
7.895844096507266485e+00,-2.554518343555681192e-01
7.937183594394738861e+00,-2.032340296413546188e-01
7.978523092282211238e+00,-2.489128984250729704e-01
8.019862590169683614e+00,-1.547227356630766215e-01
8.061202088057155990e+00,-1.506103217979491427e-01
8.102541585944628366e+00,-9.334763499913632800e-02
8.143881083832102519e+00,-7.700583809509936595e-02
8.185220581719574895e+00,3.257944711636158452e-02
8.226560079607047271e+00,1.001146586434770169e-01
8.267899577494519647e+00,1.783497335204877465e-01
8.309239075381992023e+00,1.857632588737889445e-01
8.350578573269464400e+00,2.310716769149394889e-01
8.391918071156936776e+00,1.550736322824388114e-01
8.433257569044410928e+00,1.543613598997921055e-01
8.474597066931883305e+00,1.554368134296386095e-01
8.515936564819355681e+00,4.457190080611551225e-02
8.557276062706828057e+00,1.460047972078968789e-02
8.598615560594300433e+00,-7.160917646784406565e-02
8.639955058481772809e+00,-1.194139348182356175e-01
8.681294556369245186e+00,-1.225732921583139734e-01
8.722634054256717562e+00,-1.852410321484589117e-01
8.763973552144189938e+00,-1.697160431175801232e-01
8.805313050031664091e+00,-2.014000821422466947e-01
8.846652547919136467e+00,-1.810423397811374846e-01
8.887992045806608843e+00,-1.411759295623195298e-01
8.929331543694081219e+00,-1.088164454548345011e-01
8.970671041581553595e+00,-4.785082627919369502e-02
9.012010539469025971e+00,1.140201614437153996e-02
9.053350037356498348e+00,4.013328404998269677e-02
9.094689535243972500e+00,1.768975845638100786e-01
9.136029033131444876e+00,1.375491675407491121e-01
9.177368531018917253e+00,2.361924821756943016e-01
9.218708028906389629e+00,1.436977726909299813e-01
9.260047526793862005e+00,1.790222580387463291e-01
9.301387024681334381e+00,1.935054347701903876e-01
9.342726522568806757e+00,8.859200996463093003e-02
9.384066020456279134e+00,2.595508536645306508e-02
9.425405518343751510e+00,-4.973488876522689367e-02
9.466745016231225662e+00,-8.013189361272496369e-02
9.508084514118698038e+00,-1.683173731363165893e-01
9.549424012006170415e+00,-1.164982417208868803e-01
9.590763509893642791e+00,-1.930737722807086554e-01
9.632103007781115167e+00,-2.011415864206680670e-01
9.673442505668587543e+00,-1.751047740642389661e-01
9.714782003556059919e+00,-1.374885990627299770e-01
9.756121501443534072e+00,-3.705031991933624425e-02
9.797460999331006448e+00,1.833475787547405450e-02
9.838800497218478824e+00,6.001533425208590428e-02
9.880139995105951201e+00,9.605584836740767296e-02
9.921479492993423577e+00,1.724991657583498927e-01
9.962818990880895953e+00,2.061547272389535057e-01
1.000415848876836833e+01,1.812055031956900375e-01
1.004549798665584071e+01,2.036236115982563155e-01
1.008683748454331308e+01,1.765782548583024469e-01
1.012817698243078723e+01,9.956799389193286831e-02
1.016951648031825961e+01,8.120182245981071023e-02
1.021085597820573199e+01,3.032026842793131977e-02
1.025219547609320436e+01,-2.381306244999831234e-02
1.029353497398067674e+01,-5.352784802090596733e-02
1.033487447186814912e+01,-1.381314980962716765e-01
1.037621396975562149e+01,-1.779879074199502698e-01
1.041755346764309564e+01,-1.507233720305026226e-01
1.045889296553056802e+01,-1.552703239713757732e-01
1.050023246341804040e+01,-1.773857595149508637e-01
1.054157196130551277e+01,-1.758318750972027444e-01
1.058291145919298515e+01,-4.438274874760219507e-02
1.062425095708045752e+01,-7.030850720727195753e-03
1.066559045496792990e+01,5.529167561356435751e-02
1.070692995285540228e+01,-6.835658719383035445e-03
1.074826945074287465e+01,1.550374808317109276e-01
1.078960894863034881e+01,1.830970467729513274e-01
1.083094844651782118e+01,1.047309863467738023e-01
1.087228794440529356e+01,1.837949496878582833e-01
1.091362744229276593e+01,1.320855655478401780e-01
1.095496694018023831e+01,1.716342346383269435e-01
1.099630643806771069e+01,9.493165790200504273e-02
1.103764593595518306e+01,2.203955094078957622e-02
1.107898543384265722e+01,-3.063320098862139587e-02
1.112032493173012959e+01,-1.925257245279960588e-02
1.116166442961760197e+01,-1.045322362866906857e-01
1.120300392750507434e+01,-1.008451544103209224e-01
1.124434342539254672e+01,-1.539685423163338618e-01
1.128568292328001910e+01,-1.686982692631701086e-01
1.132702242116749147e+01,-1.315849697429601894e-01
1.136836191905496385e+01,-4.077112875457205438e-02
1.140970141694243623e+01,-5.095094065511990289e-02
1.145104091482991038e+01,-9.396190326863113063e-02
1.149238041271738275e+01,-8.001879232074892226e-03
1.153371991060485513e+01,8.458760819360075511e-02
1.157505940849232751e+01,9.858155267701665392e-02
1.161639890637979988e+01,1.136714308118962902e-01
1.165773840426727226e+01,1.033636121464727720e-01
1.169907790215474463e+01,1.389351575095072178e-01
1.174041740004221879e+01,9.515099553052441816e-02
1.178175689792969116e+01,7.187846370992123646e-02
1.182309639581716354e+01,4.428623979267377192e-02
1.186443589370463592e+01,-1.164166734655036617e-02
1.190577539159210829e+01,3.435326711215599266e-02
1.194711488947958067e+01,-7.047517956774339287e-02
1.198845438736705304e+01,-6.619669498219885040e-02
1.202979388525452542e+01,-1.666058188221992975e-01
1.207113338314199780e+01,-7.623653746554996669e-02
1.211247288102947195e+01,-1.807147822382384750e-01
1.215381237891694433e+01,-1.268017596020682980e-01
1.219515187680441670e+01,-1.539393806432000633e-01
1.223649137469188908e+01,-6.621603421690477886e-02
1.227783087257936145e+01,-3.591419947162330373e-02
1.231917037046683383e+01,5.743055473952897276e-03
1.236050986835430621e+01,2.922999177053499376e-02
1.240184936624178036e+01,1.615327637405318817e-01
1.244318886412925274e+01,1.657549940460318616e-01
1.248452836201672511e+01,1.361295881039853994e-01
1.252586785990419749e+01,1.190421713426373096e-01
1.256720735779166986e+01,1.631817405836072377e-01
1.260854685567914224e+01,1.154945862722626532e-01
1.264988635356661462e+01,5.271475370568718538e-02
1.269122585145408699e+01,2.497456715191293322e-02
1.273256534934155937e+01,-4.804559209537286046e-02
1.277390484722903352e+01,-2.492133070337832976e-02
1.281524434511650590e+01,-8.028529164693201658e-02
1.285658384300397827e+01,-7.776299547177006888e-02
1.289792334089145065e+01,-1.275207461242342799e-01
1.293926283877892303e+01,-7.000352898009835900e-02
1.298060233666639540e+01,-9.968131318273884545e-02
1.302194183455386778e+01,-8.529485649949117287e-02
1.306328133244134193e+01,-6.415472638607760958e-02
1.310462083032881431e+01,1.648192960900200787e-02
1.314596032821628668e+01,3.750417278097831469e-03
1.318729982610375906e+01,6.468065254608830472e-02
1.322863932399123144e+01,6.993106388653552719e-02
1.326997882187870381e+01,5.755465474010203891e-02
1.331131831976617619e+01,8.579185801881829276e-02
1.335265781765364856e+01,1.194311987097197297e-01
1.339399731554112094e+01,1.442148676512138850e-01
1.343533681342859509e+01,6.860965126778292844e-02
1.347667631131606747e+01,1.427419128141618199e-01
1.351801580920353985e+01,-9.531485595723713925e-05
1.355935530709101222e+01,9.171815630222120846e-03
1.360069480497848460e+01,-3.889145811820315241e-02
1.364203430286595697e+01,-1.325575176290240964e-01
1.368337380075342935e+01,-9.041277481297957386e-02
1.372471329864090350e+01,-1.456053454991818041e-01
1.376605279652837588e+01,-9.628702429144909980e-02
1.380739229441584826e+01,-9.896449097207360435e-02
1.384873179230332063e+01,-6.997675907460908229e-02
1.389007129019079301e+01,-1.526301634981556618e-02
1.393141078807826538e+01,-9.747177018946548421e-03
1.397275028596573776e+01,3.183677711028629065e-02
1.401408978385321014e+01,1.137486386105414082e-01
1.405542928174068251e+01,1.284756322945266038e-01
1.409676877962815666e+01,1.116729459390939927e-01
1.413810827751562904e+01,1.234404472373430428e-01
1.417944777540310142e+01,7.522310220960590210e-02
1.422078727329057379e+01,6.444382559437737690e-02
1.426212677117804617e+01,1.093943906011899808e-01
1.430346626906551855e+01,1.070815963719275177e-01
1.434480576695299092e+01,4.822296800825771196e-02
1.438614526484046507e+01,1.631400570317559015e-02
1.442748476272793745e+01,-4.188979227068987538e-02
1.446882426061540983e+01,-1.035967635523317304e-01
1.451016375850288220e+01,-7.145662072557071309e-02
1.455150325639035458e+01,-1.030032713344130602e-01
1.459284275427782696e+01,-1.307570013286280808e-01
1.463418225216529933e+01,-8.947974936508158728e-02
1.467552175005277171e+01,-5.038995674867294272e-02
1.471686124794024408e+01,-6.586954662900079693e-02
1.475820074582771824e+01,-4.869285002374701410e-02
1.479954024371519061e+01,2.960490401182430675e-02
1.484087974160266299e+01,7.414322197210623799e-02
1.488221923949013537e+01,6.893122336814198892e-02
1.492355873737760774e+01,6.948245499933372593e-02
1.496489823526508012e+01,9.893979611345163350e-02
1.500623773315255249e+01,1.084459240015713116e-01
1.504757723104002665e+01,8.338406654946603491e-02
1.508891672892749902e+01,1.004873929761097295e-01
1.513025622681497140e+01,3.176238402845436327e-03
1.517159572470244377e+01,3.534766333404697203e-02
1.521293522258991615e+01,1.342446389331868571e-02
1.525427472047738853e+01,-5.103660111157641566e-02
1.529561421836486090e+01,-8.444393685462006638e-02
1.533695371625233328e+01,-9.183639655835221238e-02
1.537829321413980566e+01,-1.055637077712841820e-01
1.541963271202727981e+01,-1.001794528775495630e-01
1.546097220991475218e+01,-5.521168813737731274e-02
1.550231170780222456e+01,-6.506638951372598068e-02
1.554365120568969694e+01,-4.325242047118073307e-02
1.558499070357716931e+01,-2.194286813968890706e-02
1.562633020146464169e+01,-3.667342578570897960e-02
1.566766969935211407e+01,2.493181578061465578e-02
1.570900919723958822e+01,4.610208396157339933e-02
1.575034869512706059e+01,4.005264138766872345e-02
1.579168819301453297e+01,1.172542437967132173e-01
1.583302769090200535e+01,6.258607717590021491e-02
1.587436718878947772e+01,1.020085082399423138e-01
1.591570668667695010e+01,4.631781703209102846e-02
1.595704618456442248e+01,7.122810645194897761e-02
1.599838568245189485e+01,4.455774148016893033e-02
1.603972518033936723e+01,8.842617565039357849e-03
1.608106467822684138e+01,-1.123597894474215597e-01
1.612240417611431198e+01,-6.053826275404505797e-02
1.616374367400178613e+01,-3.788248453730481274e-02
1.620508317188925673e+01,-9.451500925529461583e-02
1.624642266977673088e+01,-7.505770464695449284e-02
1.628776216766420504e+01,-2.407454675718593423e-02
1.632910166555167564e+01,-7.072095365234115638e-02
1.637044116343914979e+01,9.544910197296339188e-03
1.641178066132662039e+01,-1.341326340888900417e-02
1.645312015921409454e+01,3.425991884822435218e-02
1.649445965710156514e+01,3.932559419342227663e-02
1.653579915498903929e+01,5.106959436484437981e-02
1.657713865287651345e+01,1.389144774210247235e-01
1.661847815076398405e+01,7.899487162118876138e-02
1.665981764865145820e+01,5.088664177515188347e-02
1.670115714653892880e+01,6.763140181450907895e-02
1.674249664442640295e+01,6.076209889069151410e-02
1.678383614231387355e+01,2.397584241980872319e-02
1.682517564020134770e+01,-1.079648219749933247e-02
1.686651513808882186e+01,3.588325835364210379e-03
1.690785463597629246e+01,-5.899641397648205249e-02
1.694919413386376661e+01,-9.456063374148658551e-02
1.699053363175123721e+01,-1.163698118629078876e-01
1.703187312963871136e+01,-1.406785151388075666e-02
1.707321262752618196e+01,1.389646621765307059e-02
1.711455212541365611e+01,-8.361112319179396513e-02
1.715589162330112671e+01,-5.012371325239589614e-02
1.719723112118860087e+01,-3.315909962318248222e-02
1.723857061907607502e+01,4.305642617603285503e-03
1.727991011696354562e+01,1.288889391262004920e-02
1.732124961485101977e+01,6.183671109007586771e-03
1.736258911273849037e+01,3.710105912846960868e-02
1.740392861062596452e+01,1.099474923015108241e-01
1.744526810851343512e+01,4.233773323237693953e-02
1.748660760640090928e+01,8.737199820987037735e-02
1.752794710428837988e+01,8.898841081408936926e-02
1.756928660217585403e+01,2.206968532170714564e-02
1.761062610006332818e+01,5.094623198343441878e-02
1.765196559795079878e+01,2.561946108410010844e-02
1.769330509583827293e+01,-2.153265796050901279e-02
1.773464459372574353e+01,-5.923219400179244309e-02
1.777598409161321769e+01,-5.590093712781275120e-02
1.781732358950068829e+01,-1.176483394729302689e-01
1.785866308738816244e+01,-5.014956837243612214e-02
1.790000258527563659e+01,-3.438912337717545814e-02
1.794134208316310719e+01,-8.151076571176435470e-02
1.798268158105058134e+01,-3.878377199737919473e-02
1.802402107893805194e+01,8.340826301636263679e-03
1.806536057682552610e+01,-1.918619486326396742e-02
1.810670007471299670e+01,3.167629423781242234e-03
1.814803957260047085e+01,6.247891272600009788e-02
1.818937907048794500e+01,4.260430603960634749e-02
1.823071856837541560e+01,7.362534740331956595e-02
1.827205806626288975e+01,7.270411058008370564e-02
1.831339756415036035e+01,8.991290172123019009e-02
1.835473706203783451e+01,6.521262400537132520e-02
1.839607655992530511e+01,2.113154885307260908e-02
1.843741605781277926e+01,7.959032344722411639e-03
1.847875555570024986e+01,2.242224005007025303e-02
1.852009505358772401e+01,-2.143899250904121589e-02
1.856143455147519816e+01,-2.323193521271826878e-02
1.860277404936266876e+01,-2.641037006849878462e-03
1.864411354725014291e+01,-6.969630741195732837e-02
1.868545304513761351e+01,-4.727201634910243450e-02
1.872679254302508767e+01,-5.651429181866308299e-02
1.876813204091255827e+01,-4.186611526976941056e-02
1.880947153880003242e+01,-4.657689113252876795e-02
1.885081103668750302e+01,-2.091865563244780721e-02
1.889215053457497717e+01,-1.341813734060831424e-02
1.893349003246245132e+01,2.565095588878243266e-02
1.897482953034992192e+01,-4.306489572118436110e-02
1.901616902823739608e+01,3.598658241378148437e-02
1.905750852612486668e+01,4.597264331562044698e-02
1.909884802401234083e+01,1.049172825404640491e-01
1.914018752189981143e+01,7.595611813662922485e-02
1.918152701978728558e+01,2.942862823356162325e-02
1.922286651767475973e+01,8.164874714277536860e-02
1.926420601556223033e+01,6.851715632618421425e-02
1.930554551344970449e+01,1.583156459345448283e-02
1.934688501133717509e+01,-2.959841354438545041e-02
1.938822450922464924e+01,-3.751521076191747378e-02
1.942956400711211984e+01,-5.748232303959112475e-04
1.947090350499959399e+01,-5.859567140147532022e-02
1.951224300288706814e+01,-6.762736506324840136e-02
1.955358250077453874e+01,-3.173991212660547123e-02
1.959492199866201290e+01,-2.678510300792117521e-02
1.963626149654948350e+01,-4.416305674981443885e-02
1.967760099443695765e+01,2.863477350504915579e-03
1.971894049232442825e+01,3.292810521378819206e-03
1.976027999021190240e+01,3.505621108729506386e-02
1.980161948809937300e+01,4.059452870960005011e-02
1.984295898598684715e+01,6.593925761614144454e-02
1.988429848387432131e+01,1.343263051800329955e-01
1.992563798176179191e+01,3.001857531858441452e-02
1.996697747964926606e+01,5.205696589448598199e-02
2.000831697753673666e+01,2.231167247089750616e-02
2.004965647542421081e+01,6.471315378889874390e-03
2.009099597331168141e+01,7.454812160369654606e-02
2.013233547119915556e+01,5.635327677352520992e-02
2.017367496908662616e+01,-3.222400443565507505e-02
2.021501446697410032e+01,-8.351366210056320252e-03
2.025635396486157447e+01,-1.246646858985638387e-02
2.029769346274904507e+01,-8.937076158387237401e-02
2.033903296063651922e+01,-3.478760785853363818e-02
2.038037245852398982e+01,-7.766178041771204521e-02
2.042171195641146397e+01,-4.463676337122619853e-02
2.046305145429893457e+01,-6.830363125839329641e-02
2.050439095218640873e+01,-4.890917902093440406e-02
2.054573045007388288e+01,-2.599395922356641936e-02
2.058706994796135348e+01,-4.005091631411018122e-02
2.062840944584882763e+01,4.165353835294504509e-02
2.066974894373629823e+01,-1.379792496759329763e-03
2.071108844162377238e+01,1.155800319531174319e-01
2.075242793951124298e+01,2.772673403822863494e-02
2.079376743739871714e+01,1.466014474183106875e-02
2.083510693528619129e+01,2.677598831088071410e-02
2.087644643317366189e+01,6.413564184731488857e-03
2.091778593106113604e+01,-1.146026658262845404e-04
2.095912542894860664e+01,1.682872502024036418e-02
2.100046492683608079e+01,-2.950239967873139954e-02
2.104180442472355139e+01,8.537640532821102329e-03
2.108314392261102554e+01,-4.635534584205091430e-02
2.112448342049849614e+01,-6.485306203356872023e-02
2.116582291838597030e+01,-7.952090322030018477e-02
2.120716241627344445e+01,-5.008617066255839634e-02
2.124850191416091505e+01,-8.831181599277067654e-03
2.128984141204838920e+01,6.113500676646389798e-02
2.133118090993585980e+01,-7.647990283070524309e-02
2.137252040782333395e+01,-2.144878323481696093e-03
2.141385990571080455e+01,7.604082654367030902e-02
2.145519940359827871e+01,-8.126882913522551211e-03
2.149653890148574931e+01,2.109602024788582650e-02
2.153787839937322346e+01,7.971582909679775231e-02
2.157921789726069761e+01,1.215124696653402565e-02
2.162055739514816821e+01,2.674753838346593388e-02
2.166189689303564236e+01,6.362187480481114321e-02
2.170323639092311296e+01,-1.464909098583650100e-02
2.174457588881058712e+01,3.382866651439015576e-02
2.178591538669805772e+01,2.950279460597063710e-02
2.182725488458553187e+01,4.659993962784342997e-03
2.186859438247300602e+01,-9.999815633103115511e-03
2.190993388036047662e+01,-4.854282069978176767e-02
2.195127337824795077e+01,-6.590410180248396088e-02
2.199261287613542137e+01,-4.609196480547154279e-02
2.203395237402289553e+01,-5.400898002895678646e-02
2.207529187191036613e+01,-7.404364765562278239e-02
2.211663136979784028e+01,-3.755208957210305620e-02
2.215797086768531443e+01,-3.850748292141414203e-02
2.219931036557278503e+01,3.849184894458265727e-02
2.224064986346025918e+01,-7.926204560060799015e-03
2.228198936134772978e+01,5.260716101990121213e-02
2.232332885923520394e+01,3.535454903929130532e-02
2.236466835712267454e+01,1.828285693587188791e-03
2.240600785501014869e+01,1.130776057223566861e-02
2.244734735289761929e+01,5.917226844149191256e-02
2.248868685078509344e+01,2.370896768027140611e-02
2.253002634867256759e+01,8.378235643412714970e-03
2.257136584656003819e+01,-7.363127449200865433e-03
2.261270534444751235e+01,3.089304771414430259e-02
2.265404484233498295e+01,-5.837933915988838957e-02
2.269538434022245710e+01,-4.759297492593671242e-02
2.273672383810992770e+01,-3.005455328889949582e-02
2.277806333599740185e+01,1.284717735305653929e-03
2.281940283388487245e+01,-4.182853967869427231e-02
2.286074233177234660e+01,2.991694514007423034e-02
2.290208182965982076e+01,-8.067341168067299062e-02
2.294342132754729136e+01,-1.401223886966738823e-02
2.298476082543476551e+01,1.705886843330666272e-02
2.302610032332223611e+01,-3.065340956554200857e-02
2.306743982120971026e+01,-4.485589783021594942e-04
2.310877931909718086e+01,-6.343991116478426943e-03
2.315011881698465501e+01,3.740963097825491385e-02
2.319145831487212916e+01,5.445692105043622999e-02
2.323279781275959976e+01,-6.314841431797075383e-03
2.327413731064707392e+01,3.971727429683905020e-02
2.331547680853454452e+01,-2.822245759840065569e-03
2.335681630642201867e+01,4.805877165475443830e-02
2.339815580430948927e+01,4.275930293784969277e-02
2.343949530219696342e+01,-6.686066587656229465e-02
2.348083480008443757e+01,-1.126726915462479463e-03
2.352217429797190817e+01,-5.115569696279752276e-02
2.356351379585938233e+01,4.971906987313702043e-03
2.360485329374685293e+01,-1.929599774658130942e-02
2.364619279163432708e+01,-5.197152792438654995e-02
2.368753228952179768e+01,-2.791490182571251463e-02
2.372887178740927183e+01,-6.980158075634416981e-02
2.377021128529674243e+01,1.455425811592462627e-02
2.381155078318421658e+01,6.909873029652789309e-03
2.385289028107169074e+01,-2.627253833204556271e-02
2.389422977895916134e+01,-2.990685976335189650e-02
2.393556927684663549e+01,3.540846855609691007e-02
2.397690877473410609e+01,2.823641768771524563e-02
2.401824827262158024e+01,-3.026601947364201918e-04
2.405958777050905084e+01,4.864603648155184368e-02
2.410092726839652499e+01,3.454638785442406407e-02
2.414226676628399559e+01,9.116426623969362680e-03
2.418360626417146975e+01,2.982565021624442730e-02
2.422494576205894390e+01,2.818811775583656212e-02
2.426628525994641450e+01,3.411252784601612881e-02
2.430762475783388865e+01,2.025245309823122189e-02
2.434896425572135925e+01,-1.001653560881044132e-02
2.439030375360883340e+01,-3.746027342889657937e-03
2.443164325149630400e+01,4.335672615737741487e-02
2.447298274938377816e+01,-3.406092014834426890e-02
2.451432224727125231e+01,-4.199366753117399209e-02
2.455566174515872291e+01,-2.578604279514121536e-02
2.459700124304619706e+01,-5.279066964470863904e-02
2.463834074093366766e+01,-1.964791388265473004e-02
2.467968023882114181e+01,-4.601572967665369662e-02
2.472101973670861241e+01,1.801247965634389468e-03
2.476235923459608657e+01,3.777211872267297044e-02
2.480369873248356072e+01,-1.020256977737638536e-02
2.484503823037103132e+01,-2.567224355578409493e-03
2.488637772825850547e+01,1.289898469947496282e-02
2.492771722614597607e+01,8.805643480959346459e-02
2.496905672403345022e+01,-3.273503694675066605e-02
2.501039622192092082e+01,6.060842362580571782e-04
2.505173571980839498e+01,-2.993594381103868718e-02
2.509307521769586558e+01,9.110049227747673856e-04
2.513441471558333973e+01,-4.999664387625930156e-02
2.517575421347081388e+01,3.014767197251519426e-02
2.521709371135828448e+01,-2.544747179851383767e-03
2.525843320924575863e+01,2.983726569439943896e-03
2.529977270713322923e+01,-4.035133639143098638e-02
2.534111220502070339e+01,4.964791510227520299e-02
2.538245170290817398e+01,-1.482944932120945289e-02
2.542379120079564814e+01,5.673633937313589566e-03
2.546513069868311874e+01,6.684103277537269128e-02
2.550647019657059289e+01,-3.308893369943534390e-02
2.554780969445806704e+01,1.482204692365598174e-02
2.558914919234553764e+01,5.040391852250081239e-02
2.563048869023301179e+01,-1.131001388756266296e-03
2.567182818812048239e+01,4.974817334529246099e-02
2.571316768600795655e+01,2.123646558862893677e-02
2.575450718389542715e+01,6.586206990736416349e-03
2.579584668178290130e+01,6.653072094898789673e-03
2.583718617967037545e+01,4.758858144695565784e-02
2.587852567755784605e+01,4.834260250171096285e-02
2.591986517544532020e+01,2.495140031106835368e-02
2.596120467333279080e+01,4.553729698531888692e-02
2.600254417122026496e+01,-5.131819477123549141e-03
2.604388366910773556e+01,4.610462989216539478e-03
2.608522316699520971e+01,-3.996861956802079396e-02
2.612656266488268386e+01,-4.796260955525599723e-02
2.616790216277015446e+01,-8.057285878306592874e-02
2.620924166065762861e+01,-8.524571457821374099e-02
2.625058115854509921e+01,-3.702733649351054590e-02
2.629192065643257337e+01,-3.020042317722211253e-02
2.633326015432004397e+01,3.140003650895034203e-03
2.637459965220751812e+01,2.294491297138222599e-02
2.641593915009498872e+01,1.819247380579270754e-02
2.645727864798246287e+01,4.887954200600615022e-03
2.649861814586993702e+01,2.165181262117402139e-02
2.653995764375740762e+01,3.934520634481028512e-02
2.658129714164488178e+01,-3.380466234130858304e-03
2.662263663953235238e+01,9.873183020005990573e-03
2.666397613741982653e+01,2.406270728595328451e-02
2.670531563530729713e+01,2.673957898065184441e-02
2.674665513319477128e+01,-5.073719235130074584e-02
2.678799463108224188e+01,-5.277190594459994430e-03
2.682933412896971603e+01,3.684638181817086883e-02
2.687067362685719019e+01,-8.441037561871637951e-02
2.691201312474466079e+01,-3.627449203273382106e-02
2.695335262263213494e+01,-1.147354790221025156e-02
2.699469212051960554e+01,1.468875302283625950e-02
2.703603161840707969e+01,1.137566435052075713e-02
2.707737111629455029e+01,-4.201705069318446839e-02
2.711871061418202444e+01,1.183528923346686273e-02
2.716005011206949860e+01,-4.142352049666165464e-02
2.720138960995696920e+01,-1.222257376389687504e-02
2.724272910784444335e+01,1.530743613329029265e-02
2.728406860573191395e+01,1.285469490939464450e-02
2.732540810361938810e+01,3.513429548525006524e-02
2.736674760150685870e+01,3.502830124682607821e-02
2.740808709939433285e+01,8.429533202334098252e-02
2.744942659728180701e+01,7.024182395221427455e-02
2.749076609516927761e+01,-1.300767375935773205e-02
2.753210559305675176e+01,4.292667809552104183e-03
2.757344509094422236e+01,-1.986547062468529273e-02
2.761478458883169651e+01,-6.073728372601186476e-03
2.765612408671916711e+01,-5.697641988522690604e-03
2.769746358460664126e+01,-4.439753098269617546e-03
2.773880308249411186e+01,1.835774763860591879e-02
2.778014258038158601e+01,-7.278999470951659501e-02
2.782148207826906017e+01,-5.758791457427974575e-02
2.786282157615653077e+01,-2.554092493982501946e-02
2.790416107404400492e+01,-2.643064983350598349e-02
2.794550057193147552e+01,-1.712321771948648388e-02
2.798684006981894967e+01,-2.263782964834536171e-02
2.802817956770642027e+01,-5.419591997984186255e-03
2.806951906559389442e+01,-1.626539937245361986e-02
2.811085856348136502e+01,5.242294228858534327e-03
2.815219806136883918e+01,4.921737578717462480e-02
2.819353755925631333e+01,2.626139635835582006e-02
2.823487705714378393e+01,-8.118153501293216487e-03
2.827621655503125808e+01,-3.514621309509501079e-02
2.831755605291872868e+01,-2.742543979971159493e-02
2.835889555080620283e+01,6.973549312471323536e-02
2.840023504869367343e+01,5.216157658434649597e-03
2.844157454658114759e+01,-3.647848553261453380e-02
2.848291404446862174e+01,-4.927355791879500096e-02
2.852425354235609234e+01,-6.408586054585152340e-03
2.856559304024356649e+01,-2.776119966074407433e-02
2.860693253813103709e+01,-2.077285742404250124e-02
2.864827203601851124e+01,-1.475506558256141527e-03
2.868961153390598184e+01,-1.811739210339984030e-02
2.873095103179345600e+01,-7.688129226573087172e-02
2.877229052968093015e+01,2.260741566291692844e-02
2.881363002756840075e+01,-7.429605259012280957e-03
2.885496952545587490e+01,1.035073071558581352e-02
2.889630902334334550e+01,-4.526790049364307067e-03
2.893764852123081965e+01,2.929229133859820658e-02
2.897898801911829025e+01,1.067929417820250547e-02
2.902032751700576441e+01,3.025525306729147726e-02
2.906166701489323501e+01,-2.830963674117866619e-02
2.910300651278070916e+01,-2.591785481763050555e-02
2.914434601066818331e+01,-8.509930256686301306e-03
2.918568550855565391e+01,-1.596622893026643534e-03
2.922702500644312806e+01,5.832435082342484140e-04
2.926836450433059866e+01,-6.378343613812409441e-02
2.930970400221807282e+01,-2.356113246442603781e-02
2.935104350010554342e+01,-1.186313355486821007e-03
2.939238299799301757e+01,-3.871392816926154737e-03
2.943372249588048817e+01,-3.113582975243606513e-02
2.947506199376796232e+01,-2.693079361385205053e-02
2.951640149165543647e+01,-1.802256015622340918e-02
2.955774098954290707e+01,7.660449207403178780e-04
2.959908048743038123e+01,-4.238955634465862293e-02
2.964041998531785183e+01,-3.871911387363767554e-02
2.968175948320532598e+01,4.092253249956317313e-02
2.972309898109279658e+01,4.234265716608866248e-02
2.976443847898027073e+01,6.364441474003032506e-02
2.980577797686774488e+01,6.693947808855543746e-02
2.984711747475521548e+01,6.373245772897418414e-03
2.988845697264268964e+01,3.578585859352440696e-02
2.992979647053016024e+01,4.614369167987884129e-02
2.997113596841763439e+01,4.465853930459634524e-02
3.001247546630510499e+01,-4.080808246732734595e-02
3.005381496419257914e+01,6.489120727222677174e-03
3.009515446208005329e+01,2.343718313260867089e-02
3.013649395996752389e+01,-3.923099702179110027e-02
3.017783345785499804e+01,-1.994339832548047350e-02
3.021917295574246864e+01,2.394504065266915560e-02
3.026051245362994280e+01,8.176749096571523864e-03
3.030185195151741340e+01,-3.606711337366280169e-03
3.034319144940488755e+01,5.771861488674803753e-02
3.038453094729235815e+01,4.766718301994805548e-03
3.042587044517983230e+01,-4.933583899403885809e-02
3.046720994306730645e+01,2.194711854200356860e-02
3.050854944095477705e+01,5.179789775939315499e-02
3.054988893884225121e+01,4.484110990109439754e-02
3.059122843672972181e+01,3.205600043812086020e-02
3.063256793461719596e+01,1.980535481044668963e-02
3.067390743250466656e+01,1.043346547832560978e-01
3.071524693039214071e+01,-3.777384784502899051e-02
3.075658642827961131e+01,2.364103989728157801e-02
3.079792592616708546e+01,3.285649535263017451e-02
3.083926542405455962e+01,-2.563044705623767835e-02
3.088060492194203022e+01,1.623208254317071858e-02
3.092194441982950437e+01,-4.261575750370041361e-03
3.096328391771697497e+01,2.237410862740322678e-02
3.100462341560444912e+01,-3.557637029228751663e-02
3.104596291349191972e+01,-3.470725105767331203e-02
3.108730241137939387e+01,2.405539742119704866e-02
3.112864190926686803e+01,-1.006439672998451530e-02
3.116998140715433863e+01,7.757112338784793656e-03
3.121132090504181278e+01,-2.317872223810729312e-02
3.125266040292928338e+01,-7.263182073234324132e-02
3.129399990081675753e+01,-2.480581099650491436e-02
3.133533939870422813e+01,-2.161322032452843434e-02
3.137667889659170228e+01,2.370608558074143932e-02
3.141801839447917644e+01,5.398675322466276599e-02
3.145935789236664704e+01,2.725613294976104994e-02
3.150069739025412119e+01,2.912922198476686902e-02
3.154203688814159179e+01,1.128031139062837980e-02
3.158337638602906594e+01,4.953979824551887901e-02
3.162471588391653654e+01,1.513063535199518118e-02
3.166605538180401069e+01,-2.577310269435064555e-02
3.170739487969148129e+01,4.039979531664740497e-02
3.174873437757895545e+01,-2.188238209400904938e-02
3.179007387546642960e+01,-3.483182907525575467e-02
3.183141337335390020e+01,-7.072836076161625497e-03
3.187275287124137435e+01,4.985078032846394086e-02
3.191409236912884495e+01,-1.035723886652903554e-02
3.195543186701631910e+01,1.128163776952512479e-03
3.199677136490378970e+01,1.279124854030366451e-02
3.203811086279126386e+01,4.939689254258551598e-02
3.207945036067873446e+01,-1.845269058261716057e-03
3.212078985856621216e+01,-4.603629252813773443e-02
3.216212935645368276e+01,-3.889857077335809321e-02
